<?xml version="1.0" encoding="UTF-8"?>
<openremote xmlns="http://www.openremote.org" xmlns:xsi="http://www.w3.org/2001/XMLSchema-instance" xsi:schemaLocation="http://www.openremote.org http://www.openremote.org/schemas/panel.xsd">
  <panels>
    <panel id="1" name="panel1">
      <include type="group" ref="2" />
    </panel>
  </panels>
  <screens>
    <screen id="3" name="Starting Screen">
      <absolute left="77" top="75" width="50" height="50">
        <button id="6" name="Off" hasControlCommand="true" />
      </absolute>
      <absolute left="103" top="196" width="50" height="50">
        <button id="8" name="On" hasControlCommand="true" />
      </absolute>
    </screen>
  </screens>
  <groups>
    <group id="2" name="Default Group">
      <include type="screen" ref="3" />
    </group>
  </groups>
</openremote>

