<?xml version="1.0" encoding="UTF-8"?>
<openremote xmlns="http://www.openremote.org" xmlns:xsi="http://www.w3.org/2001/XMLSchema-instance" xsi:schemaLocation="http://www.openremote.org http://www.openremote.org/schemas/controller.xsd">
  <components>
    <image id="20">
      <include type="sensor" ref="22" />
    </image>
    <label id="18">
      <include type="sensor" ref="21" />
    </label>
  </components>
  <sensors>
    <sensor id="21" name="VirtThermoSensor" type="level">
      <include type="command" ref="23" />
    </sensor>
    <sensor id="22" name="state sensor" type="custom">
      <include type="command" ref="24" />
      <state name="b" value="b" />
      <state name="c" value="c" />
      <state name="a" value="a" />
    </sensor>
  </sensors>
  <commands>
    <command id="23" protocol="virtual">
      <property name="address" value="11" />
      <property name="command" value="TemperatureSensor" />
      <property name="name" value="Virt_Thermo" />
    </command>
    <command id="24" protocol="virtual">
      <property name="address" value="State" />
      <property name="command" value="1" />
      <property name="name" value="state" />
    </command>
  </commands>
  <config>
    <property name="controller.roundrobin.tcpserver.port" value="20000" />
    <property name="multicast.address" value="224.0.1.100" />
    <property name="controller.roundrobin.multicast.port" value="10000" />
    <property name="multicast.port" value="3333" />
    <property name="controller.groupname" value="floor20" />
    <property name="Macro.IR.Execution.Delay" value="500" />
    <property name="controller.roundrobin.multicast.address" value="224.0.1.200" />
    <property name="lutron_homeworks.password" value="openremote" />
    <property name="lircd.conf.path" value="/etc/lircd.conf" />
    <property name="controller.groupmember.autodetect.on" value="true" />
    <property name="lutron_homeworks.port" value="23" />
    <property name="lutron_homeworks.address" value="192.168.1.1" />
    <property name="lutron_homeworks.username" value="openremote" />
    <property name="webapp.port" value="8080" />
    <property name="copy.lircd.conf.on" value="true" />
    <property name="irsend.path" value="/usr/local/bin/irsend" />
    <property name="resource.upload.enable" value="true" />
    <property name="controller.applicationname" value="controller" />
  </config>
</openremote>

