<?xml version="1.0" encoding="UTF-8"?>
<openremote xmlns="http://www.openremote.org" xmlns:xsi="http://www.w3.org/2001/XMLSchema-instance" xsi:schemaLocation="http://www.openremote.org http://www.openremote.org/schemas/panel.xsd">
  <panels>
    <panel id="1" name="panel1">
      <include type="group" ref="2" />
    </panel>
  </panels>
  <screens>
    <screen id="3" name="Starting Screen">
      <absolute left="84" top="59" width="150" height="50">
        <label id="18" fontSize="14" color="#FFFFFF" text="Label Text">
          <link type="sensor" ref="21" />
        </label>
      </absolute>
      <absolute left="122" top="140" width="59" height="54">
        <image id="20" src="OpenRemote.Logo.30x32.png">
          <link type="sensor" ref="22">
            <state name="a" value="up.png" />
            <state name="c" value="right.png" />
            <state name="b" value="down.png" />
          </link>
        </image>
      </absolute>
    </screen>
  </screens>
  <groups>
    <group id="2" name="Default Group">
      <include type="screen" ref="3" />
    </group>
  </groups>
</openremote>

