<?xml version="1.0" encoding="UTF-8"?>
<openremote xmlns="http://www.openremote.org" xmlns:xsi="http://www.w3.org/2001/XMLSchema-instance" xsi:schemaLocation="http://www.openremote.org http://www.openremote.org/schemas/controller.xsd">
  <components>
    <switch id="279">
      <on>
        <include type="command" ref="319" />
      </on>
      <off>
        <include type="command" ref="320" />
      </off>
      <include type="sensor" ref="318" />
    </switch>
    <button id="278">
      <include type="command" ref="321" />
    </button>
    <button id="277" />
    <button id="283">
      <include type="command" ref="322" />
    </button>
    <button id="282">
      <include type="command" ref="323" />
    </button>
    <button id="281">
      <include type="command" ref="324" />
    </button>
    <button id="287">
      <include type="command" ref="325" />
    </button>
    <button id="286">
      <include type="command" ref="326" />
    </button>
    <button id="285">
      <include type="command" ref="327" />
    </button>
    <button id="284">
      <include type="command" ref="328" />
    </button>
    <button id="258">
      <include type="command" ref="329" />
    </button>
    <button id="262">
      <include type="command" ref="321" />
    </button>
    <button id="263">
      <include type="command" ref="331" />
    </button>
    <button id="260">
      <include type="command" ref="332" />
    </button>
    <button id="264">
      <include type="command" ref="333" />
    </button>
    <button id="269">
      <include type="command" ref="334" />
    </button>
    <button id="307">
      <include type="command" ref="321" />
    </button>
    <button id="306" />
    <button id="309">
      <include type="command" ref="336" />
    </button>
    <button id="308">
      <include type="command" ref="337" />
    </button>
    <button id="311" />
    <button id="310">
      <include type="command" ref="338" />
    </button>
    <button id="289">
      <include type="command" ref="339" />
    </button>
    <button id="290">
      <include type="command" ref="340" />
    </button>
    <button id="291">
      <include type="command" ref="341" />
    </button>
    <button id="292">
      <include type="command" ref="342" />
    </button>
    <button id="293">
      <include type="command" ref="343" />
    </button>
    <button id="294">
      <include type="command" ref="344" />
    </button>
    <button id="295">
      <include type="command" ref="345" />
    </button>
    <button id="296">
      <include type="command" ref="346" />
    </button>
    <button id="297">
      <include type="command" ref="347" />
    </button>
    <button id="298">
      <include type="command" ref="348" />
    </button>
    <button id="299">
      <include type="command" ref="349" />
    </button>
    <button id="300">
      <include type="command" ref="350" />
    </button>
    <label id="305" />
    <label id="276" />
    <label id="280" />
    <label id="288" />
    <label id="259" />
    <label id="257">
      <include type="sensor" ref="317" />
    </label>
    <label id="261" />
    <label id="266" />
    <label id="267" />
    <label id="265" />
    <label id="270" />
    <label id="271">
      <include type="sensor" ref="316" />
    </label>
    <label id="268" />
  </components>
  <sensors>
    <sensor id="316" name="Last Activity Request Status Sensor" type="color">
      <include type="command" ref="351" />
    </sensor>
    <sensor id="317" name="Current Activity Sensor" type="level" />
    <sensor id="318" name="Power Status Sensor" type="switch">
      <include type="command" ref="352" />
      <state name="on" />
      <state name="off" />
    </sensor>
  </sensors>
  <commands>
    <command id="319" protocol="http">
      <property name="url" value="http://192.168.1.1:8009/?call=do&amp;device=sonytv&amp;command=turn%20power%20on" />
    </command>
    <command id="320" protocol="http">
      <property name="url" value="http://192.168.1.1:8009/?call=do&amp;device=sonytv&amp;command=turn%20power%20off" />
    </command>
    <command id="321" protocol="http">
      <property name="url" value="http://192.168.1.1:8009/?call=do&amp;activity=all%20off" />
    </command>
    <command id="322" protocol="http">
      <property name="url" value="http://192.168.1.1:8009/?call=do&amp;device=sonytv&amp;command=change%20channel%20to%2011" />
    </command>
    <command id="323" protocol="http">
      <property name="url" value="http://192.168.1.1:8009/?call=do&amp;device=sonytv&amp;command=change%20channel%20to%20ten" />
    </command>
    <command id="324" protocol="http">
      <property name="url" value="http://192.168.1.1:8009/?call=do&amp;device=sonytv&amp;command=change%20channel%20to%201hd" />
    </command>
    <command id="325" protocol="http">
      <property name="url" value="http://192.168.1.1:8009/?call=do&amp;device=sonytv&amp;command=turn%20volume%20down" />
    </command>
    <command id="326" protocol="http">
      <property name="url" value="http://192.168.1.1:8009/?call=do&amp;device=sonytv&amp;command=turn%20volume%20up" />
    </command>
    <command id="327" protocol="http">
      <property name="url" value="http://192.168.1.1:8009/?call=do&amp;device=sonytv&amp;command=change%20channel%20to%20abc2" />
    </command>
    <command id="328" protocol="http">
      <property name="url" value="http://192.168.1.1:8009/?call=do&amp;device=sonytv&amp;command=change%20channel%20to%abc1hd" />
    </command>
    <command id="329" protocol="http">
      <property name="url" value="http://192.168.1.1:8009/?call=do&amp;activity=watch%20tv%20with%20surround%20sound" />
    </command>
    <command id="331" protocol="http">
      <property name="url" value="http://192.168.1.1:8009/?call=do&amp;activity=listen%20to%20the%20radio" />
    </command>
    <command id="332" protocol="http">
      <property name="url" value="http://192.168.1.1:8009/?call=do&amp;activity=listen%20to%20abc%20jazz" />
    </command>
    <command id="333" protocol="http">
      <property name="url" value="http://192.168.1.1:8009/?call=do&amp;activity=use%20the%20ps3" />
    </command>
    <command id="334" protocol="http">
      <property name="url" value="http://192.168.1.1:8009/?call=do&amp;activity=watch%20tv" />
    </command>
    <command id="339" protocol="http">
      <property name="url" value="http://192.168.1.1:8009/?call=do&amp;device=sonytv&amp;command=toggle%20mute" />
    </command>
    <command id="340" protocol="http">
      <property name="url" value="http://192.168.1.1:8009/?call=do&amp;device=sonytv&amp;command=change%20channel%20to%20abc3" />
    </command>
    <command id="341" protocol="http">
      <property name="url" value="http://192.168.1.1:8009/?call=do&amp;device=sonytv&amp;command=change%20channel%20to%20abcnews24" />
    </command>
    <command id="342" protocol="http">
      <property name="url" value="http://192.168.1.1:8009/?call=do&amp;device=sonytv&amp;command=change%20channel%20to%20sbs1hd" />
    </command>
    <command id="343" protocol="http">
      <property name="url" value="http://192.168.1.1:8009/?call=do&amp;device=sonytv&amp;command=change%20channel%20to%20sbs2" />
    </command>
    <command id="344" protocol="http">
      <property name="url" value="http://192.168.1.1:8009/?call=do&amp;device=sonytv&amp;command=change%20channel%20to%20seven" />
    </command>
    <command id="345" protocol="http">
      <property name="url" value="http://192.168.1.1:8009/?call=do&amp;device=sonytv&amp;command=change%20channel%20to%2072" />
    </command>
    <command id="346" protocol="http">
      <property name="url" value="http://192.168.1.1:8009/?call=do&amp;device=sonytv&amp;command=change%20channel%20to%207mate" />
    </command>
    <command id="347" protocol="http">
      <property name="url" value="http://192.168.1.1:8009/?call=do&amp;device=sonytv&amp;command=change%20channel%20to%20nine" />
    </command>
    <command id="348" protocol="http">
      <property name="url" value="http://192.168.1.1:8009/?call=do&amp;device=sonytv&amp;command=change%20channel%20to%20gem" />
    </command>
    <command id="349" protocol="http">
      <property name="url" value="http://192.168.1.1:8009/?call=do&amp;device=sonytv&amp;command=change%20channel%20to%20go" />
    </command>
    <command id="350" protocol="http">
      <property name="url" value="http://192.168.1.1:8009/?call=do&amp;device=sonytv&amp;command=change%20channel%20to%20c31" />
    </command>
    <command id="351" protocol="http">
      <property name="url" value="http://192.168.1.1:8009/?call=statusrequest&amp;command=get%20last%20activity%20request%20status" />
    </command>
    <command id="352" protocol="http">
      <property name="url" value="http://192.168.1.1:8009/?call=statusrequest&amp;command=get%20tv%20power%20status" />
    </command>
    <command id="336" protocol="socket">
      <property name="port" value="4999" />
      <property name="command" value="@1EB" />
      <property name="ipAddress" value="192.168.1.70" />
    </command>
    <command id="337" protocol="socket">
      <property name="port" value="4999" />
      <property name="command" value="@1EA" />
      <property name="ipAddress" value="192.168.1.70" />
    </command>
    <command id="338" protocol="socket">
      <property name="port" value="4999" />
      <property name="command" value="@1GB" />
      <property name="ipAddress" value="192.168.1.70" />
    </command>
  </commands>
  <config>
    <property name="controller.roundrobin.tcpserver.port" value="20000" />
    <property name="multicast.address" value="224.0.1.100" />
    <property name="controller.roundrobin.multicast.port" value="10000" />
    <property name="multicast.port" value="3333" />
    <property name="controller.groupname" value="floor20" />
    <property name="Macro.IR.Execution.Delay" value="500" />
    <property name="controller.roundrobin.multicast.address" value="224.0.1.200" />
    <property name="lircd.conf.path" value="/etc/lircd.conf" />
    <property name="controller.groupmember.autodetect.on" value="true" />
    <property name="webapp.port" value="8080" />
    <property name="copy.lircd.conf.on" value="true" />
    <property name="irsend.path" value="/usr/local/bin/irsend" />
    <property name="resource.upload.enable" value="true" />
    <property name="controller.applicationname" value="controller" />
  </config>
</openremote>

