<?xml version="1.0" encoding="UTF-8"?>
<openremote xmlns="http://www.openremote.org" xmlns:xsi="http://www.w3.org/2001/XMLSchema-instance" xsi:schemaLocation="http://www.openremote.org http://www.openremote.org/schemas/panel.xsd">
  <panels>
    <panel id="1" name="panel1">
      <include type="group" ref="2" />
    </panel>
  </panels>
  <screens>
    <screen id="254" name="Home Screen">
      <background fillScreen="true">
        <image src="background320x4801294881789305.png" />
      </background>
      <absolute left="123" top="3" width="148" height="24">
        <label id="257" fontSize="10" color="#993300" text="Label Text">
          <link type="sensor" ref="317" />
        </label>
      </absolute>
      <absolute left="30" top="67" width="50" height="50">
        <button id="258" name="Button" hasControlCommand="true">
          <default>
            <image src="menu.png" />
          </default>
        </button>
      </absolute>
      <absolute left="5" top="109" width="105" height="32">
        <label id="259" fontSize="12" color="#993300" text="Watch TV (Amp)" />
      </absolute>
      <absolute left="250" top="67" width="50" height="50">
        <button id="260" name="Button" hasControlCommand="true">
          <default>
            <image src="music.png" />
          </default>
        </button>
      </absolute>
      <absolute left="238" top="111" width="82" height="31">
        <label id="261" fontSize="12" color="#993300" text="ABC Jazz" />
      </absolute>
      <absolute left="12" top="350" width="46" height="51">
        <button id="262" name="Button" hasControlCommand="true">
          <default>
            <image src="infrared.png" />
          </default>
        </button>
      </absolute>
      <absolute left="10" top="186" width="50" height="50">
        <button id="263" name="Button" hasControlCommand="true">
          <default>
            <image src="music_balance.png" />
          </default>
        </button>
      </absolute>
      <absolute left="236" top="235" width="60" height="52">
        <button id="264" name="Use PS3" hasControlCommand="true" />
      </absolute>
      <absolute left="15" top="406" width="35" height="24">
        <label id="265" fontSize="12" color="#000000" text="Off" />
      </absolute>
      <absolute left="10" top="3" width="114" height="20">
        <label id="266" fontSize="10" color="#FFFFFF" text="Current Activity:" />
      </absolute>
      <absolute left="11" top="24" width="131" height="23">
        <label id="267" fontSize="10" color="#FFFFFF" text="Last Request Status:" />
      </absolute>
      <absolute left="17" top="249" width="40" height="16">
        <label id="268" fontSize="12" color="#993300" text="Radio" />
      </absolute>
      <absolute left="136" top="66" width="50" height="50">
        <button id="269" name="Button" hasControlCommand="true">
          <default>
            <image src="menu.png" />
          </default>
        </button>
      </absolute>
      <absolute left="127" top="116" width="73" height="23">
        <label id="270" fontSize="12" color="#993300" text="Watch TV" />
      </absolute>
      <absolute left="134" top="22" width="152" height="28">
        <label id="271" fontSize="10" color="#0000FF" text="Label Text">
          <link type="sensor" ref="316" />
        </label>
      </absolute>
    </screen>
    <screen id="275" name="Watch TV">
      <background fillScreen="true">
        <image src="background320x4801294881830284.png" />
      </background>
      <absolute left="84" top="7" width="150" height="50">
        <label id="276" fontSize="18" color="#FFFFFF" text="Watch TV" />
      </absolute>
      <absolute left="19" top="12" width="50" height="50">
        <button id="277" name="Button">
          <default>
            <image src="home.png" />
          </default>
        </button>
      </absolute>
      <absolute left="14" top="357" width="50" height="50">
        <button id="278" name="Button" hasControlCommand="true">
          <default>
            <image src="infrared.png" />
          </default>
        </button>
      </absolute>
      <absolute left="255" top="14" width="50" height="50">
        <switch id="279">
          <link type="sensor" ref="318">
            <state name="on" value="infrared.png" />
            <state name="off" value="power.png" />
          </link>
        </switch>
      </absolute>
      <absolute left="6" top="405" width="62" height="28">
        <label id="280" fontSize="12" color="#FF0000" text="All Off" />
      </absolute>
      <absolute left="95" top="343" width="50" height="50">
        <button id="281" name="1HD" hasControlCommand="true" />
      </absolute>
      <absolute left="158" top="344" width="50" height="50">
        <button id="282" name="10" hasControlCommand="true" />
      </absolute>
      <absolute left="216" top="344" width="50" height="50">
        <button id="283" name="11" hasControlCommand="true" />
      </absolute>
      <absolute left="92" top="70" width="50" height="50">
        <button id="284" name="ABC 1" hasControlCommand="true" />
      </absolute>
      <absolute left="151" top="69" width="51" height="50">
        <button id="285" name="ABC 2" hasControlCommand="true" />
      </absolute>
      <absolute left="15" top="120" width="50" height="50">
        <button id="286" name="Button" hasControlCommand="true">
          <default>
            <image src="vol_up.png" />
          </default>
          <pressed>
            <image src="infrared.png" />
          </pressed>
        </button>
      </absolute>
      <absolute left="15" top="175" width="50" height="50">
        <button id="287" name="Button" hasControlCommand="true">
          <default>
            <image src="vol_down.png" />
          </default>
          <pressed>
            <image src="infrared.png" />
          </pressed>
        </button>
      </absolute>
      <absolute left="9" top="96" width="61" height="21">
        <label id="288" fontSize="12" color="#FFFFFF" text="Volume" />
      </absolute>
      <absolute left="18" top="245" width="50" height="50">
        <button id="289" name="Button" hasControlCommand="true">
          <default>
            <image src="mute.png" />
          </default>
        </button>
      </absolute>
      <absolute left="208" top="68" width="50" height="50">
        <button id="290" name="ABC3" hasControlCommand="true" />
      </absolute>
      <absolute left="92" top="120" width="50" height="50">
        <button id="291" name="ABC 24" hasControlCommand="true" />
      </absolute>
      <absolute left="94" top="176" width="50" height="50">
        <button id="292" name="SBS 1" hasControlCommand="true" />
      </absolute>
      <absolute left="151" top="174" width="50" height="50">
        <button id="293" name="SBS 2" hasControlCommand="true" />
      </absolute>
      <absolute left="96" top="237" width="50" height="50">
        <button id="294" name="7" hasControlCommand="true" />
      </absolute>
      <absolute left="152" top="237" width="50" height="50">
        <button id="295" name="72" hasControlCommand="true" />
      </absolute>
      <absolute left="210" top="237" width="50" height="50">
        <button id="296" name="7 Mate" hasControlCommand="true" />
      </absolute>
      <absolute left="95" top="287" width="50" height="50">
        <button id="297" name="9" hasControlCommand="true" />
      </absolute>
      <absolute left="157" top="290" width="50" height="50">
        <button id="298" name="Gem" hasControlCommand="true" />
      </absolute>
      <absolute left="213" top="292" width="50" height="50">
        <button id="299" name="GO!" hasControlCommand="true" />
      </absolute>
      <absolute left="208" top="118" width="50" height="50">
        <button id="300" name="C31" hasControlCommand="true" />
      </absolute>
    </screen>
    <screen id="304" name="Use PS3">
      <background fillScreen="true">
        <image src="background320x4801294881843952.png" />
      </background>
      <absolute left="83" top="16" width="150" height="50">
        <label id="305" fontSize="14" color="#FFFFFF" text="Use the PS3" />
      </absolute>
      <absolute left="25" top="18" width="50" height="50">
        <button id="306" name="Button">
          <default>
            <image src="home.png" />
          </default>
        </button>
      </absolute>
      <absolute left="250" top="23" width="50" height="50">
        <button id="307" name="Button" hasControlCommand="true">
          <default>
            <image src="power.png" />
          </default>
        </button>
      </absolute>
      <absolute left="22" top="110" width="50" height="50">
        <button id="308" name="Button" hasControlCommand="true">
          <default>
            <image src="vol_up.png" />
          </default>
        </button>
      </absolute>
      <absolute left="20" top="170" width="50" height="50">
        <button id="309" name="Button" hasControlCommand="true">
          <default>
            <image src="vol_down.png" />
          </default>
        </button>
      </absolute>
      <absolute left="28" top="250" width="50" height="50">
        <button id="310" name="Mute" hasControlCommand="true" />
      </absolute>
      <absolute left="29" top="311" width="50" height="50">
        <button id="311" name="Unmute" />
      </absolute>
    </screen>
  </screens>
  <groups>
    <group id="2" name="Default Group">
      <tabbar />
      <include type="screen" ref="254" />
      <include type="screen" ref="275" />
      <include type="screen" ref="304" />
    </group>
  </groups>
</openremote>

