<?xml version="1.0" encoding="UTF-8"?>
<openremote xmlns="http://www.openremote.org" xmlns:xsi="http://www.w3.org/2001/XMLSchema-instance" xsi:schemaLocation="http://www.openremote.org http://www.openremote.org/schemas/controller.xsd">
  <components>
    <switch id="16">
      <on>
        <include type="command" ref="33" />
      </on>
      <off>
        <include type="command" ref="34" />
      </off>
      <include type="sensor" ref="32" />
    </switch>
    <button id="22">
      <include type="command" ref="35" />
    </button>
    <button id="24">
      <include type="command" ref="36" />
    </button>
    <label id="18" />
    <label id="8" />
    <label id="10" />
    <label id="26" />
    <label id="12">
      <include type="sensor" ref="30" />
    </label>
    <label id="28">
      <include type="sensor" ref="29" />
    </label>
    <label id="14">
      <include type="sensor" ref="31" />
    </label>
  </components>
  <sensors>
    <sensor id="29" name="XBMC_PlayerSpeed" type="custom">
      <include type="command" ref="36" />
    </sensor>
    <sensor id="30" name="XBMCVersion" type="custom">
      <include type="command" ref="38" />
    </sensor>
    <sensor id="31" name="XBMCActivePlayerId" type="custom">
      <include type="command" ref="39" />
    </sensor>
    <sensor id="32" name="XBMC_Virtual_Player_status" type="switch">
      <include type="command" ref="40" />
      <state name="on" />
      <state name="off" />
    </sensor>
  </sensors>
  <commands>
    <command id="33" protocol="virtual">
      <property name="address" value="xbmcPlayer" />
      <property name="command" value="on" />
      <property name="name" value="XBMC_Virtual_Player_on" />
    </command>
    <command id="34" protocol="virtual">
      <property name="address" value="xbmcPlayer" />
      <property name="command" value="off" />
      <property name="name" value="XBMC_Virtual_Player_off" />
    </command>
    <command id="40" protocol="virtual">
      <property name="address" value="xbmcPlayer" />
      <property name="command" value="status" />
      <property name="name" value="XBMC_Virtual_Player_status" />
    </command>
    <command id="35" protocol="http">
      <property name="workload" value="{&quot;jsonrpc&quot;: &quot;2.0&quot;, &quot;method&quot;: &quot;Player.PlayPause&quot;, &quot;params&quot;: {&quot;playerid&quot;: ${param}}, &quot;id&quot;: 1}" />
      <property name="username" value="xbmc" />
      <property name="method" value="POST" />
      <property name="password" value="xbmc" />
      <property name="url" value="http://localhost:8888/jsonrpc" />
      <property name="name" value="XBMC_Player_PlayPause" />
    </command>
    <command id="36" protocol="http">
      <property name="workload" value="{&quot;jsonrpc&quot;: &quot;2.0&quot;, &quot;method&quot;: &quot;Player.GetProperties&quot;, &quot;params&quot;: {&quot;playerid&quot;: 0, &quot;properties&quot;: [&quot;speed&quot;]}, &quot;id&quot;: 1}" />
      <property name="username" value="xbmc" />
      <property name="pollingInterval" value="5s" />
      <property name="method" value="POST" />
      <property name="password" value="xbmc" />
      <property name="url" value="http://localhost:8888/jsonrpc" />
      <property name="jsonpath" value="$.result.speed" />
      <property name="name" value="XBMC_Player_Speed" />
    </command>
    <command id="38" protocol="http">
      <property name="workload" value="{&quot;jsonrpc&quot;: &quot;2.0&quot;, &quot;method&quot;: &quot;JSONRPC.Version&quot;, &quot;id&quot;: 1}" />
      <property name="username" value="xbmc" />
      <property name="pollingInterval" value="1h" />
      <property name="method" value="POST" />
      <property name="password" value="xbmc" />
      <property name="url" value="http://localhost:8888/jsonrpc" />
      <property name="jsonpath" value="$.result.version" />
      <property name="name" value="XBMCVersion" />
    </command>
    <command id="39" protocol="http">
      <property name="workload" value="{&quot;jsonrpc&quot;: &quot;2.0&quot;, &quot;method&quot;: &quot;Player.GetActivePlayers&quot;, &quot;id&quot;: 1}" />
      <property name="username" value="xbmc" />
      <property name="pollingInterval" value="5s" />
      <property name="method" value="POST" />
      <property name="password" value="xbmc" />
      <property name="url" value="http://localhost:8888/jsonrpc" />
      <property name="jsonpath" value="$.result[0].playerid" />
      <property name="name" value="XBMCActivePlayerId" />
    </command>
  </commands>
  <config>
    <property name="controller.roundrobin.tcpserver.port" value="20000" />
    <property name="multicast.address" value="224.0.1.100" />
    <property name="controller.roundrobin.multicast.port" value="10000" />
    <property name="multicast.port" value="3333" />
    <property name="controller.groupname" value="floor20" />
    <property name="Macro.IR.Execution.Delay" value="500" />
    <property name="controller.roundrobin.multicast.address" value="224.0.1.200" />
    <property name="lutron_homeworks.password" value="openremote" />
    <property name="lircd.conf.path" value="/etc/lircd.conf" />
    <property name="controller.groupmember.autodetect.on" value="true" />
    <property name="lutron_homeworks.port" value="23" />
    <property name="lutron_homeworks.address" value="192.168.1.1" />
    <property name="lutron_homeworks.username" value="openremote" />
    <property name="webapp.port" value="8080" />
    <property name="copy.lircd.conf.on" value="true" />
    <property name="irsend.path" value="/usr/local/bin/irsend" />
    <property name="resource.upload.enable" value="true" />
    <property name="controller.applicationname" value="controller" />
  </config>
</openremote>

