<?xml version="1.0" encoding="UTF-8"?>
<openremote xmlns="http://www.openremote.org" xmlns:xsi="http://www.w3.org/2001/XMLSchema-instance" xsi:schemaLocation="http://www.openremote.org http://www.openremote.org/schemas/panel.xsd">
  <panels>
    <panel id="1" name="panel1">
      <include type="group" ref="2" />
    </panel>
  </panels>
  <screens>
    <screen id="3" name="Starting Screen">
      <absolute left="15" top="12" width="190" height="33">
        <label id="8" fontSize="14" color="#FFFFFF" text="XBMC JSON API Version:" />
      </absolute>
      <absolute left="15" top="53" width="192" height="35">
        <label id="10" fontSize="14" color="#FFFFFF" text="Active PlayerId:" />
      </absolute>
      <absolute left="214" top="12" width="98" height="38">
        <label id="12" fontSize="14" color="#FFFFFF" text="Label Text">
          <link type="sensor" ref="30" />
        </label>
      </absolute>
      <absolute left="214" top="53" width="96" height="36">
        <label id="14" fontSize="14" color="#FFFFFF" text="Label Text">
          <link type="sensor" ref="31" />
        </label>
      </absolute>
      <absolute left="17" top="166" width="181" height="37">
        <label id="18" fontSize="14" color="#FFFFFF" text="XBMC Player Play/Pause:" />
      </absolute>
      <absolute left="200" top="163" width="105" height="50">
        <switch id="16">
          <link type="sensor" ref="32">
            <state name="on" value="switch2on.png" />
            <state name="off" value="switch2off.png" />
          </link>
        </switch>
      </absolute>
      <absolute left="137" top="360" width="50" height="50">
        <button id="24" name="Status" hasControlCommand="true" />
      </absolute>
      <absolute left="44" top="94" width="150" height="50">
        <label id="26" fontSize="14" color="#FFFFFF" text="Player speed:" />
      </absolute>
      <absolute left="213" top="101" width="96" height="38">
        <label id="28" fontSize="14" color="#FFFFFF" text="Label Text">
          <link type="sensor" ref="29" />
        </label>
      </absolute>
      <absolute left="133" top="275" width="50" height="50">
        <button id="22" name="Button" hasControlCommand="true" />
      </absolute>
    </screen>
  </screens>
  <groups>
    <group id="2" name="Default Group">
      <include type="screen" ref="3" />
    </group>
  </groups>
</openremote>

