<?xml version="1.0" encoding="UTF-8"?>
<openremote xmlns="http://www.openremote.org" xmlns:xsi="http://www.w3.org/2001/XMLSchema-instance" xsi:schemaLocation="http://www.openremote.org http://www.openremote.org/schemas/controller.xsd">
  <components>
    <switch id="13">
      <on>
        <include type="command" ref="14" />
      </on>
      <off>
        <include type="command" ref="15" />
      </off>
      <include type="sensor" ref="17" />
    </switch>
  </components>
  <sensors>
    <sensor id="17" name="office_light" type="switch">
      <include type="command" ref="16" />
      <state name="on" />
      <state name="off" />
    </sensor>
  </sensors>
  <commands>
    <command id="14" protocol="knx">
      <property name="command" value="on" />
      <property name="groupAddress" value="0/0/1" />
      <property name="DPT" value="1.001" />
      <property name="name" value="office_on" />
    </command>
    <command id="15" protocol="knx">
      <property name="command" value="off" />
      <property name="groupAddress" value="0/0/1" />
      <property name="DPT" value="1.001" />
      <property name="name" value="office_off" />
    </command>
    <command id="16" protocol="knx">
      <property name="command" value="status" />
      <property name="groupAddress" value="0/0/21" />
      <property name="DPT" value="1.001" />
      <property name="name" value="office_status" />
    </command>
  </commands>
  <config>
    <property name="controller.roundrobin.tcpserver.port" value="20000" />
    <property name="multicast.address" value="224.0.1.100" />
    <property name="controller.roundrobin.multicast.port" value="10000" />
    <property name="multicast.port" value="3333" />
    <property name="controller.groupname" value="floor20" />
    <property name="Macro.IR.Execution.Delay" value="500" />
    <property name="controller.roundrobin.multicast.address" value="224.0.1.200" />
    <property name="lircd.conf.path" value="/etc/lircd.conf" />
    <property name="controller.groupmember.autodetect.on" value="true" />
    <property name="webapp.port" value="8080" />
    <property name="copy.lircd.conf.on" value="true" />
    <property name="irsend.path" value="/usr/local/bin/irsend" />
    <property name="resource.upload.enable" value="true" />
    <property name="controller.applicationname" value="controller" />
    <property name="zwave.commLayer" value="RXTX" />
    <property name="protocol.zwave.classname" value="org.openremote.controller.protocol.zwave.ZWaveCommandBuilder" />
    <property name="zwave.comPort" value="/dev/ttyUSB0" />
    <property name="zwave.pad.port" value="7876" />
    <property name="zwave.pad.host" value="localhost" />
    <property name="amx_ni.port" value="50000" />
    <property name="lutron_homeworks.port" value="23" />
    <property name="lutron_homeworks.address" value="192.168.1.1" />
    <property name="lutron_homeworks.username" value="openremote" />
    <property name="lutron_homeworks.password" value="openremote" />
    <property name="lagarto_network.broadcast" value="tcp://127.0.0.1:5001" />
    <property name="amx_ni.address" value="192.168.1.1" />
  </config>
</openremote>

