<?xml version="1.0" encoding="UTF-8"?>
<openremote xmlns="http://www.openremote.org" xmlns:xsi="http://www.w3.org/2001/XMLSchema-instance" xsi:schemaLocation="http://www.openremote.org http://www.openremote.org/schemas/panel.xsd">
  <panels>
    <panel id="1" name="panel1">
      <include type="group" ref="2" />
    </panel>
  </panels>
  <screens>
    <screen id="3" name="Starting Screen">
      <absolute left="129" top="183" width="50" height="50">
        <switch id="13">
          <link type="sensor" ref="17" />
        </switch>
      </absolute>
    </screen>
  </screens>
  <groups>
    <group id="2" name="Default Group">
      <include type="screen" ref="3" />
    </group>
  </groups>
</openremote>

